Workbook

Sheet Read Me
B1: GovUX Audit Platform — Audit Points & Open-Source Automation Coverage
B2: How much of a government-website audit can be done with Python and open-source tools — with no AI? Most of it.
B4: How GTmetrix works (and why it needs no AI)
B5: GTmetrix is a fully deterministic instrument. It loads your page in a REAL Chrome browser from a chosen location ('Observed mode'), runs Google Lighthouse, and reports measured results — it does not model or predict, and uses no machine learning.
B6: • GTmetrix Grade = a weighted blend of two scores: Performance Score (~70%) and Structure Score (~30%).
B7: • Performance Score = the Lighthouse performance score: FCP 10%, Speed Index 10%, LCP 25%, TBT 30%, CLS 25% (Lighthouse v10 weights).
B8: • Structure Score = Lighthouse opportunity + diagnostic audits (unused CSS/JS, image sizing, caching, etc.) plus GTmetrix custom audits.
B9: • Web Vitals reported: LCP, TBT/INP, CLS, plus a request waterfall from the browser's HAR (HTTP Archive) log.
B10: You can reproduce ALL of this yourself with open-source tools: Lighthouse (Node CLI), Playwright (headless Chrome), the web-vitals library, and HAR analysis. No licence, no AI.
B12: What's in this workbook
B13: • 'Audit Points' — the master, filterable catalogue of ~140 checks across Performance, Accessibility (WCAG 2.2), GIGW 3.0, UX4G, SEO, Security, Mobile and Content QA. Each is mapped to how automatable it is and with which open-source tool.
B14: • 'Automation Summary' — counts of Full / Partial / Manual coverage per category (live formulas).
... B22: Technique — Measure = browser/network measurement · Rule = deterministic DOM/HTTP check · ML/CV = classical machine-learning or computer vision · LLM/VLM = language/vision model · Human = expert review.

Sheet Audit Points
A1: ID | B1: Category | C1: Audit point | D1: What it checks | E1: Automation | F1: Technique | G1: Python / open-source tool
A2: P01 | B2: Performance | C2: Largest Contentful Paint (LCP) | D2: Time to render the largest visible element | E2: Full | F2: Measure | G2: Lighthouse; Playwright + web-vitals
A3: P02 | B3: Performance | C3: First Contentful Paint (FCP) | D3: Time to first text/image paint | E3: Full | F3: Measure | G3: Lighthouse
A4: P03 | B4: Performance | C4: Total Blocking Time (TBT) | D4: Main-thread blocking between FCP and TTI | E4: Full | F4: Measure | G4: Lighthouse
A5: P04 | B5: Performance | C5: Interaction to Next Paint (INP) | D5: Responsiveness to user input | E5: Full | F5: Measure | G5: web-vitals; CrUX API (field)
A6: P05 | B6: Performance | C6: Cumulative Layout Shift (CLS) | D6: Visual stability / unexpected shifts | E6: Full | F6: Measure | G6: Lighthouse; web-vitals
A7: P06 | B7: Performance | C7: Speed Index | D7: How quickly content is visually populated | E7: Full | F7: Measure | G7: Lighthouse
A8: P07 | B8: Performance | C8: Time to First Byte (TTFB) | D8: Server response latency | E8: Full | F8: Measure | G8: requests/httpx; Lighthouse
A9: P08 | B9: Performance | C9: Time to Interactive (TTI) | D9: When the page becomes reliably interactive | E9: Full | F9: Measure | G9: Lighthouse
A10: P09 | B10: Performance | C10: Fully loaded time / onload | D10: Total page load duration | E10: Full | F10: Measure | G10: Playwright timing API
A11: P10 | B11: Performance | C11: Total page weight (bytes) | D11: Sum of all transferred bytes | E11: Full | F11: Measure | G11: HAR analysis (Playwright/browsermob)
A12: P11 | B12: Performance | C12: Number of HTTP requests | D12: Count of resource requests | E12: Full | F12: Measure | G12: HAR analysis
... A136: C08 | B136: Content QA | C136: Placeholder / lorem-ipsum text | D136: Unfinished content | E136: Full | F136: Rule | G136: keyword scan

Sheet Automation Summary
A1: Automation coverage by category
A3: Category | B3: Full (auto) | C3: Partial | D3: Manual | E3: Total | F3: % Automatable*
A4: Performance | B4: =COUNTIFS('Audit Points'!$B:$B,$A4,'Audit Points'!$E:$E,"Full") -> 25 | C4: =COUNTIFS('Audit Points'!$B:$B,$A4,'Audit Points'!$E:$E,"Partial") -> 0 | D4: =COUNTIFS('Audit Points'!$B:$B,$A4,'Audit Points'!$E:$E,"Manual") -> 0 | E4: =SUM(B4:D4) -> 25 | F4: =IF(E4=0,0,(B4+C4*0.5)/E4) -> 1
A5: Accessibility | B5: =COUNTIFS('Audit Points'!$B:$B,$A5,'Audit Points'!$E:$E,"Full") -> 13 | C5: =COUNTIFS('Audit Points'!$B:$B,$A5,'Audit Points'!$E:$E,"Partial") -> 8 | D5: =COUNTIFS('Audit Points'!$B:$B,$A5,'Audit Points'!$E:$E,"Manual") -> 5 | E5: =SUM(B5:D5) -> 26 | F5: =IF(E5=0,0,(B5+C5*0.5)/E5) -> 0.65384615
A6: GIGW 3.0 | B6: =COUNTIFS('Audit Points'!$B:$B,$A6,'Audit Points'!$E:$E,"Full") -> 23 | C6: =COUNTIFS('Audit Points'!$B:$B,$A6,'Audit Points'!$E:$E,"Partial") -> 5 | D6: =COUNTIFS('Audit Points'!$B:$B,$A6,'Audit Points'!$E:$E,"Manual") -> 3 | E6: =SUM(B6:D6) -> 31 | F6: =IF(E6=0,0,(B6+C6*0.5)/E6) -> 0.82258065
A7: UX4G | B7: =COUNTIFS('Audit Points'!$B:$B,$A7,'Audit Points'!$E:$E,"Full") -> 2 | C7: =COUNTIFS('Audit Points'!$B:$B,$A7,'Audit Points'!$E:$E,"Partial") -> 12 | D7: =COUNTIFS('Audit Points'!$B:$B,$A7,'Audit Points'!$E:$E,"Manual") -> 4 | E7: =SUM(B7:D7) -> 18 | F7: =IF(E7=0,0,(B7+C7*0.5)/E7) -> 0.44444444
A8: SEO | B8: =COUNTIFS('Audit Points'!$B:$B,$A8,'Audit Points'!$E:$E,"Full") -> 9 | C8: =COUNTIFS('Audit Points'!$B:$B,$A8,'Audit Points'!$E:$E,"Partial") -> 0 | D8: =COUNTIFS('Audit Points'!$B:$B,$A8,'Audit Points'!$E:$E,"Manual") -> 0 | E8: =SUM(B8:D8) -> 9 | F8: =IF(E8=0,0,(B8+C8*0.5)/E8) -> 1
A9: Security | B9: =COUNTIFS('Audit Points'!$B:$B,$A9,'Audit Points'!$E:$E,"Full") -> 8 | C9: =COUNTIFS('Audit Points'!$B:$B,$A9,'Audit Points'!$E:$E,"Partial") -> 0 | D9: =COUNTIFS('Audit Points'!$B:$B,$A9,'Audit Points'!$E:$E,"Manual") -> 1 | E9: =SUM(B9:D9) -> 9 | F9: =IF(E9=0,0,(B9+C9*0.5)/E9) -> 0.88888889
A10: Responsiveness & Compatibility | B10: =COUNTIFS('Audit Points'!$B:$B,$A10,'Audit Points'!$E:$E,"Full") -> 6 | C10: =COUNTIFS('Audit Points'!$B:$B,$A10,'Audit Points'!$E:$E,"Partial") -> 3 | D10: =COUNTIFS('Audit Points'!$B:$B,$A10,'Audit Points'!$E:$E,"Manual") -> 0 | E10: =SUM(B10:D10) -> 9 | F10: =IF(E10=0,0,(B10+C10*0.5)/E10) -> 0.83333333
A11: Content QA | B11: =COUNTIFS('Audit Points'!$B:$B,$A11,'Audit Points'!$E:$E,"Full") -> 5 | C11: =COUNTIFS('Audit Points'!$B:$B,$A11,'Audit Points'!$E:$E,"Partial") -> 3 | D11: =COUNTIFS('Audit Points'!$B:$B,$A11,'Audit Points'!$E:$E,"Manual") -> 0 | E11: =SUM(B11:D11) -> 8 | F11: =IF(E11=0,0,(B11+C11*0.5)/E11) -> 0.8125
A12: TOTAL | B12: =SUM(B4:B11) -> 91 | C12: =SUM(C4:C11) -> 31 | D12: =SUM(D4:D11) -> 13 | E12: =SUM(B12:D12) -> 135 | F12: =IF(E12=0,0,(B12+C12*0.5)/E12) -> 0.78888889
A14: * % Automatable counts Full as 1 and Partial as 0.5 (detection automatable, confirmation assisted). Manual excluded.
A16: Read-out: the large majority of a government web audit is fully automatable with open-source tools and NO AI. AI/LLM adds value only on the Partial/Manual rows (semantic accessibility, plain-language, visual UX judgement).

Sheet Open-Source Tool Stack
A1: Tool | B1: Layer | C1: What it does | D1: Language / install
A2: Playwright | B2: Crawl & render | C2: Headless real-Chrome automation, timings, screenshots, HAR | D2: Python: pip install playwright
A3: Scrapy | B3: Crawl | C3: Scalable crawler for full-site link/URL discovery | D3: Python: pip install scrapy
A4: Google Lighthouse | B4: Performance/SEO/a11y | C4: The engine behind GTmetrix; perf, a11y, SEO, best-practice audits | D4: Node: npm i -g lighthouse
A5: Lighthouse CI | B5: Performance | C5: Run Lighthouse in CI, budgets, trends | D5: Node: npm i -g @lhci/cli
A6: web-vitals | B6: Performance | C6: Measures LCP/INP/CLS in-page | D6: JS library
A7: CrUX API / pyChrome UX | B7: Performance (field) | C7: Real-user Core Web Vitals field data | D7: HTTP API (key)
A8: axe-core | B8: Accessibility | C8: Deterministic WCAG rule engine (~40% of WCAG) | D8: JS; via Playwright (axe-playwright)
A9: IBM Equal Access | B9: Accessibility | C9: Alternative WCAG rule engine | D9: Node/CLI
A10: pa11y | B10: Accessibility | C10: CLI accessibility runner over axe/HTMLCS | D10: Node: npm i -g pa11y
A11: BeautifulSoup / lxml | B11: Rules/parse | C11: DOM parsing for GIGW element & metadata checks | D11: Python: pip install beautifulsoup4 lxml
A12: Nu Html Checker (vnu) | B12: GIGW/HTML | C12: W3C HTML validation | D12: Java jar / Docker
... A29: Postgres + pgvector / Qdrant | B29: Data/RAG | C29: Store results; retrieve GIGW/WCAG text for grounding | D29: Docker
