Workbook

Sheet Methodology
B1: GovUX Scoring Model — Parameters & How the Score Is Computed
B2: Aligned to UX4G (MeitY/NeGD) audit parameters, WCAG 2.2 AA, GIGW 3.0 and Google Core Web Vitals. Every website score is fully traceable to the parameters below.
B4: The scoring logic — in plain terms
B5: 1. Every parameter is measured on a 0–100 scale (a pass-rate, a normalised metric, or a rubric score).
B6: 2. Parameters roll up into a Category Score = the weighted average of that category's parameters (weights shown in the model).
B7: 3. The overall GovUX Score = the weighted sum of the eight Category Scores. Category weights reflect citizen impact and legal obligation and sum to 100%.
B8: 4. The score maps to a band: A 90–100 Exemplary · B 75–89 Strong · C 60–74 Needs work · D 40–59 At risk · E below 40 Critical.
B9: 5. Guard-rail: a critical accessibility or security failure (e.g. keyboard-inoperable, or no HTTPS) CAPS the attainable band at C until fixed — because these are legal, not cosmetic, failures.
B11: Category weights (why they are what they are)
B12: • Accessibility 22% and GIGW 15% carry the most weight because they are legal duties (RPwD Act, GIGW mandate).
B13: • Usability & UX 17% and Design foundation 11% capture the UX4G core — whether citizens can actually complete tasks.
B14: • Performance 12% and Responsiveness & Compatibility 10% reflect that citizens use varied devices, screen sizes and browsers on constrained networks (responsive, multi-browser and multi-device-size checks).
... B22: The 'Score Summary' sheet shows the category roll-up, the final score, the band, and whether the guard-rail is active.

Sheet Scoring Model
A1: Category / Parameter | B1: How it is scored (what 'good' looks like) | C1: Wt % | D1: Measured (0-100) | E1: Weighted | F1: Tool | G1: Auto
A2: Accessibility (WCAG 2.2 AA) | C2: 22% wt
A3: Colour contrast (1.4.3) | B3: % of text meeting 4.5:1 (3:1 large) | C3: 15 | D3: 55 | E3: =C3*D3/100 -> 8.25 | F3: axe-core | G3: Full
A4: Alt text present & meaningful | B4: Images have alt AND it describes them | C4: 12 | D4: 52 | E4: =C4*D4/100 -> 6.24 | F4: axe-core + VLM | G4: Part
A5: Keyboard operability (2.1.1) | B5: All functions usable by keyboard, no traps | C5: 14 | D5: 40 | E5: =C5*D5/100 -> 5.6 | F5: Playwright + manual | G5: Part
A6: Form labels & instructions | B6: Inputs have programmatic labels/help | C6: 10 | D6: 68 | E6: =C6*D6/100 -> 6.8 | F6: axe-core | G6: Full
A7: Headings & structure (1.3.1) | B7: Logical headings, no skipped levels | C7: 8 | D7: 72 | E7: =C7*D7/100 -> 5.76 | F7: axe-core | G7: Full
A8: ARIA & semantics (4.1.2) | B8: Valid roles, names, landmarks | C8: 8 | D8: 70 | E8: =C8*D8/100 -> 5.6 | F8: axe-core | G8: Full
A9: Focus visible & order (2.4.7/2.4.11) | B9: Visible focus, sensible order | C9: 8 | D9: 58 | E9: =C9*D9/100 -> 4.64 | F9: Playwright + manual | G9: Part
A10: Target size (2.5.8) | B10: Tap/click targets >= 24px | C10: 6 | D10: 64 | E10: =C10*D10/100 -> 3.84 | F10: Playwright geometry | G10: Part
A11: Media alternatives (1.2.x) | B11: Captions/transcripts present & correct | C11: 5 | D11: 50 | E11: =C11*D11/100 -> 2.5 | F11: DOM + manual | G11: Part
A12: Language attributes (3.1.1) | B12: html lang correct; parts tagged | C12: 4 | D12: 80 | E12: =C12*D12/100 -> 3.2 | F12: axe-core | G12: Full
A13: Accessible authentication (3.3.8) | B13: No cognitive-only login test | C13: 5 | D13: 60 | E13: =C13*D13/100 -> 3 | F13: manual | G13: Man
A14: Screen-reader pass | B14: Key journeys work with NVDA/TalkBack | C14: 5 | D14: 48 | E14: =C14*D14/100 -> 2.4 | F14: NVDA testing | G14: Man
A15: → Category score | B15: weighted average of parameters above | C15: =SUM(C3:C14) -> 100 | D15: =SUMPRODUCT(C3:C14,D3:D14)/SUM(C3:C14) -> 57.83
A17: Usability & UX heuristics | C17: 17% wt
A18: Navigation clarity & IA | B18: Intuitive menus, shallow paths, breadcrumbs | C18: 16 | D18: 66 | E18: =C18*D18/100 -> 10.56 | F18: DOM + LLM/manual | G18: Part
A19: Visibility of system status | B19: Clear feedback on every action | C19: 10 | D19: 62 | E19: =C19*D19/100 -> 6.2 | F19: manual | G19: Man
A20: Match to real world / plain labels | B20: Citizen language, not jargon | C20: 10 | D20: 58 | E20: =C20*D20/100 -> 5.8 | F20: LLM + manual | G20: Part
A21: User control & freedom | B21: Undo, back, escape hatches | C21: 8 | D21: 70 | E21: =C21*D21/100 -> 5.6 | F21: manual | G21: Man
A22: Consistency & standards | B22: Consistent patterns across the site | C22: 10 | D22: 72 | E22: =C22*D22/100 -> 7.2 | F22: DOM diff | G22: Part
A23: Error prevention | B23: Guards against mistakes before they happen | C23: 8 | D23: 60 | E23: =C23*D23/100 -> 4.8 | F23: manual | G23: Man
A24: Recognition over recall | B24: Options visible, low memory load | C24: 7 | D24: 66 | E24: =C24*D24/100 -> 4.62 | F24: manual | G24: Man
A25: Flexibility & efficiency | B25: Shortcuts/accelerators for repeat tasks | C25: 6 | D25: 64 | E25: =C25*D25/100 -> 3.84 | F25: manual | G25: Man
A26: Search effectiveness | B26: Tolerant search, useful results, no dead-ends | C26: 10 | D26: 55 | E26: =C26*D26/100 -> 5.5 | F26: query probes | G26: Part
A27: Form usability | B27: Few fields, inline validation, clear help | C27: 10 | D27: 68 | E27: =C27*D27/100 -> 6.8 | F27: DOM heuristics | G27: Part
A28: Help & documentation | B28: Findable, task-focused help | C28: 5 | D28: 72 | E28: =C28*D28/100 -> 3.6 | F28: DOM + manual | G28: Part
A29: → Category score | B29: weighted average of parameters above | C29: =SUM(C18:C28) -> 100 | D29: =SUMPRODUCT(C18:C28,D18:D28)/SUM(C18:C28) -> 64.52
A31: Design foundation & consistency (UX4G) | C31: 11% wt
A32: Typography system & legibility | B32: Consistent, legible type scale | C32: 18 | D32: 74 | E32: =C32*D32/100 -> 13.32 | F32: CSS parse | G32: Part
A33: Colour system & usage | B33: Consistent, accessible palette | C33: 16 | D33: 70 | E33: =C33*D33/100 -> 11.2 | F33: screenshot analysis | G33: Part
A34: Layout, grid & spacing | B34: Aligned grid, adequate whitespace | C34: 16 | D34: 66 | E34: =C34*D34/100 -> 10.56 | F34: CSS/visual | G34: Part
A35: Visual hierarchy | B35: Clear focal order, scannable | C35: 14 | D35: 60 | E35: =C35*D35/100 -> 8.4 | F35: VLM + manual | G35: Man
A36: Design-system adherence | B36: Uses UX4G/standard components | C36: 16 | D36: 58 | E36: =C36*D36/100 -> 9.28 | F36: DOM class + diff | G36: Part
A37: Iconography & imagery | B37: Consistent, meaningful visuals | C37: 10 | D37: 72 | E37: =C37*D37/100 -> 7.2 | F37: visual review | G37: Man
A38: Cross-page consistency | B38: Same patterns site-wide | C38: 10 | D38: 68 | E38: =C38*D38/100 -> 6.8 | F38: DOM/visual diff | G38: Part
A39: → Category score | B39: weighted average of parameters above | C39: =SUM(C32:C38) -> 100 | D39: =SUMPRODUCT(C32:C38,D32:D38)/SUM(C32:C38) -> 66.76
A41: GIGW 3.0 mandatory compliance | C41: 15% wt
A42: Mandatory footer elements | B42: Contact, policies, copyright, T&C present | C42: 20 | D42: 78 | E42: =C42*D42/100 -> 15.6 | F42: lxml/keyword | G42: Full
A43: Last-updated & content currency | B43: Freshness stamps; no stale pages | C43: 10 | D43: 64 | E43: =C43*D43/100 -> 6.4 | F43: regex + manual | G43: Part
A44: Valid HTML / standards | B44: W3C-conformant markup | C44: 10 | D44: 70 | E44: =C44*D44/100 -> 7 | F44: Nu Html Checker | G44: Full
A45: Broken-link freedom | B45: No 404s / dead links | C45: 12 | D45: 74 | E45: =C45*D45/100 -> 8.88 | F45: link crawler | G45: Full
A46: Metadata completeness | B46: Title, description, viewport present | C46: 8 | D46: 82 | E46: =C46*D46/100 -> 6.56 | F46: lxml | G46: Full
A47: HTTPS & domain compliance | B47: TLS + approved .gov.in/.nic.in | C47: 12 | D47: 90 | E47: =C47*D47/100 -> 10.8 | F47: requests/ssl | G47: Full
A48: Core facilities present | B48: Search, sitemap, feedback, RTI, help | C48: 18 | D48: 66 | E48: =C48*D48/100 -> 11.88 | F48: DOM/link crawl | G48: Full
A49: Multilingual option | B49: Language switcher / Indic content | C49: 10 | D49: 45 | E49: =C49*D49/100 -> 4.5 | F49: DOM + Bhashini | G49: Part
A50: → Category score | B50: weighted average of parameters above | C50: =SUM(C42:C49) -> 100 | D50: =SUMPRODUCT(C42:C49,D42:D49)/SUM(C42:C49) -> 71.62
A52: Performance & Core Web Vitals | C52: 12% wt
A53: Largest Contentful Paint (LCP) | B53: <=2.5s mobile scores high | C53: 22 | D53: 55 | E53: =C53*D53/100 -> 12.1 | F53: Lighthouse | G53: Full
A54: Interaction to Next Paint (INP) | B54: <=200ms scores high | C54: 18 | D54: 72 | E54: =C54*D54/100 -> 12.96 | F54: web-vitals/CrUX | G54: Full
A55: Cumulative Layout Shift (CLS) | B55: <=0.1 scores high | C55: 15 | D55: 60 | E55: =C55*D55/100 -> 9 | F55: Lighthouse | G55: Full
A56: Speed Index / FCP | B56: Fast first paint | C56: 12 | D56: 62 | E56: =C56*D56/100 -> 7.44 | F56: Lighthouse | G56: Full
A57: Page weight & requests | B57: Lean pages, few requests | C57: 12 | D57: 58 | E57: =C57*D57/100 -> 6.96 | F57: HAR analysis | G57: Full
A58: Caching / compression / CDN | B58: Assets cached, compressed, edge-served | C58: 11 | D58: 70 | E58: =C58*D58/100 -> 7.7 | F58: requests headers | G58: Full
A59: Render-blocking & unused code | B59: Minimal blocking, little dead code | C59: 10 | D59: 56 | E59: =C59*D59/100 -> 5.6 | F59: Lighthouse | G59: Full
A60: → Category score | B60: weighted average of parameters above | C60: =SUM(C53:C59) -> 100 | D60: =SUMPRODUCT(C53:C59,D53:D59)/SUM(C53:C59) -> 61.76
A62: Content quality & readability | C62: 7% wt
A63: Readability / reading level | B63: Plain, appropriate grade level | C63: 22 | D63: 68 | E63: =C63*D63/100 -> 14.96 | F63: textstat | G63: Full
A64: Plain-language clarity | B64: Genuinely understandable | C64: 20 | D64: 58 | E64: =C64*D64/100 -> 11.6 | F64: LLM + manual | G64: Part
A65: Spelling & grammar | B65: Error-free content | C65: 14 | D65: 80 | E65: =C65*D65/100 -> 11.2 | F65: LanguageTool | G65: Full
A66: Link-text quality | B66: Descriptive, no 'click here' | C66: 10 | D66: 64 | E66: =C66*D66/100 -> 6.4 | F66: rule + LLM | G66: Part
A67: Content freshness | B67: Current, no expired notices | C67: 12 | D67: 66 | E67: =C67*D67/100 -> 7.92 | F67: regex + manual | G67: Part
A68: Multilingual coverage & quality | B68: Indic languages present & accurate | C68: 22 | D68: 42 | E68: =C68*D68/100 -> 9.24 | F68: IndicTrans2/Bhashini | G68: Part
A69: → Category score | B69: weighted average of parameters above | C69: =SUM(C63:C68) -> 100 | D69: =SUMPRODUCT(C63:C68,D63:D68)/SUM(C63:C68) -> 61.32
A71: Responsiveness & Compatibility | C71: 10% wt
A72: Responsive layout integrity | B72: No overflow/clipping across breakpoints (360-1440px) | C72: 18 | D72: 64 | E72: =C72*D72/100 -> 11.52 | F72: Playwright multi-viewport | G72: Full
A73: Breakpoint coverage | B73: Adapts at mobile / tablet / desktop widths | C73: 12 | D73: 70 | E73: =C73*D73/100 -> 8.4 | F73: Playwright + CSS media | G73: Full
A74: Cross-browser rendering | B74: Consistent on Chromium / Firefox / WebKit | C74: 18 | D74: 60 | E74: =C74*D74/100 -> 10.8 | F74: Playwright 3 engines + visual diff | G74: Part
A75: Cross-device-size rendering | B75: Correct across device matrix + real DPR | C75: 16 | D75: 58 | E75: =C75*D75/100 -> 9.28 | F75: Playwright device profiles + SSIM | G75: Part
A76: Orientation handling | B76: Portrait & landscape both usable | C76: 8 | D76: 68 | E76: =C76*D76/100 -> 5.44 | F76: Playwright rotate | G76: Full
A77: Tap-target size & spacing | B77: Thumb-friendly targets >= 24px | C77: 10 | D77: 60 | E77: =C77*D77/100 -> 6 | F77: Playwright geometry | G77: Part
A78: Mobile performance (throttled) | B78: Good CWV on 3G/4G profile | C78: 18 | D78: 54 | E78: =C78*D78/100 -> 9.72 | F78: Lighthouse throttled | G78: Full
A79: → Category score | B79: weighted average of parameters above | C79: =SUM(C72:C78) -> 100 | D79: =SUMPRODUCT(C72:C78,D72:D78)/SUM(C72:C78) -> 61.16
A81: Trust, security & privacy | C81: 6% wt
A82: HTTPS enforced & valid TLS | B82: http->https, valid cert | C82: 25 | D82: 88 | E82: =C82*D82/100 -> 22 | F82: requests/sslyze | G82: Full
A83: Security headers | B83: CSP, HSTS, X-Frame, etc. | C83: 18 | D83: 55 | E83: =C83*D83/100 -> 9.9 | F83: testssl.sh | G83: Full
A84: No mixed content | B84: No http assets on https | C84: 12 | D84: 80 | E84: =C84*D84/100 -> 9.6 | F84: DOM scan | G84: Full
A85: Cookie flags & privacy | B85: Secure/HttpOnly/SameSite set | C85: 15 | D85: 60 | E85: =C85*D85/100 -> 9 | F85: requests | G85: Full
A86: No vulnerable libraries | B86: No known-CVE JS libs | C86: 15 | D86: 66 | E86: =C86*D86/100 -> 9.9 | F86: retire.js | G86: Full
A87: Privacy policy & consent clarity | B87: Clear, lawful data handling | C87: 15 | D87: 70 | E87: =C87*D87/100 -> 10.5 | F87: DOM + manual | G87: Part
A88: → Category score | B88: weighted average of parameters above | C88: =SUM(C82:C87) -> 100 | D88: =SUMPRODUCT(C82:C87,D82:D87)/SUM(C82:C87) -> 70.9

Sheet Phase-1 ML Plan
A1: Phase-1 ML / Computer-Vision Plan — classical models only, no LLM
A3: These 8 components use classical machine learning and computer vision (NO large language models). They are self-hosted, explainable, run on modest CPU/GPU, and need no external API — so they fit government data-residency rules.
A4: Purpose: upgrade the parameters currently marked 'Partial / Manual' in the Scoring Model into automatable, ML-scored checks. This lifts automatable coverage from ~68% (rules only) to ~85% — with no LLM.
A5: How they plug in: each model outputs a 0–100 sub-score that feeds the same 'Measured' column of the Scoring Model, with low-confidence cases routed to human spot-check.
A7: ID | B7: ML component | C7: Model type | D7: Inputs / features | E7: Output | F7: Parameters it upgrades | G7: Library (open-source) | H7: Training data | I7: CPU/GPU
A8: M1 | B8: Priority & impact ranking | C8: Gradient-boosted trees (XGBoost/LightGBM) | D8: severity, guideline, page traffic, #affected elements, effort est., past-fix outcomes | E8: ranked impact x effort per finding | F8: All categories — report prioritisation | G8: XGBoost / scikit-learn | H8: labelled past audits + remediation outcomes | I8: CPU
A9: M2 | B9: Decorative vs informative image classifier | C9: CNN transfer learning (MobileNetV3 / ResNet50) | D9: image crops from pages | E9: decorative / informative + confidence | F9: Accessibility — alt-text triage (A02) | G9: PyTorch + timm | H9: labelled gov-site images | I9: GPU (light)
A10: M3 | B10: Visual layout & hierarchy analyzer | C10: Object/element detection + CV heuristics | D10: full-page screenshots | E10: element map, whitespace ratio, alignment & saliency-based hierarchy score | F10: Design — layout, visual hierarchy, clutter | G10: Detectron2 / YOLOv8 + OpenCV / scikit-image | H10: pretrained detector; optional UI fine-tune | I10: GPU (light)
A11: M4 | B11: Colour & typography consistency | C11: k-means clustering + CSS parsing | D11: screenshots + computed styles | E11: palette size, off-palette %, type-scale consistency, contrast map | F11: Design — colour system, typography | G11: scikit-learn, tinycss2, OpenCV | H11: unsupervised + design-system reference | I11: CPU
A12: M5 | B12: Cross-page consistency | C12: Structural hashing + SSIM | D12: DOM trees + screenshots across pages | E12: consistency score, outlier pages | F12: Design & UX — consistency | G12: scikit-image (SSIM), datasketch/simhash | H12: none (unsupervised) | I12: CPU
A13: M6 | B13: Plain-language / jargon classifier | C13: TF-IDF + linear SVM / logistic reg. (classical NLP) | D13: page text | E13: plain-language score, flagged jargon sentences | F13: Content clarity; UX plain labels | G13: scikit-learn, spaCy, textstat | H13: labelled plain vs complex gov text | I13: CPU
A14: M7 | B14: Language & script detection | C14: fastText / CLD3 classifier | D14: page text | E14: language(s), script, coverage vs required Indic set | F14: GIGW & Content — multilingual | G14: fastText, AI4Bharat Indic NLP | H14: pretrained | I14: CPU
A15: M8 | B15: Score regression & anomaly detection | C15: Isolation Forest / time-series change detection | D15: historical category & overall scores per domain | E15: regression alerts, anomaly flags | F15: National dashboard alerts; re-audit trends | G15: scikit-learn (IsolationForest), statsmodels/Prophet | H15: historical audit scores | I15: CPU
A17: Sequencing within Phase 1
A18: Sprint 1 (quick wins, low data need) | C18: M7 Language detection · M8 Regression/anomaly · M1 Priority ranking — pretrained or small models; immediate value on reports & dashboard.
A19: Sprint 2 (needs labelling) | C19: M2 Decorative-image classifier · M6 Plain-language classifier — build a labelled dataset from gov sites first.
A20: Sprint 3 (computer vision) | C20: M3 Layout & hierarchy · M4 Colour/typography · M5 Cross-page consistency — screenshot pipeline + light GPU.
A22: Outcome of Phase-1 ML: rules-only automation (~68%) + these classical models raises automatable coverage to ~85% with NO LLM. The remaining ~15% (true reading-order sense, nuanced clarity, screen-reader journeys) stays with human review until/unless an LLM layer is added in a later phase. Every model outputs an explainable sub-score with a confidence; low-confidence results are auto-routed to a human, preserving the reproducible, auditable scoring required by the platform.

Sheet Score Summary
A1: GovUX Score — computed from the model
A3: Category | B3: Category weight % | C3: Category score (0-100) | D3: Contribution to overall
A4: Accessibility (WCAG 2.2 AA) | B4: 22 | C4: ='Scoring Model'!D15 -> 57.83 | D4: =B4*C4/100 -> 12.7226
A5: Usability & UX heuristics | B5: 17 | C5: ='Scoring Model'!D29 -> 64.52 | D5: =B5*C5/100 -> 10.9684
A6: Design foundation & consistency (UX4G) | B6: 11 | C6: ='Scoring Model'!D39 -> 66.76 | D6: =B6*C6/100 -> 7.3436
A7: GIGW 3.0 mandatory compliance | B7: 15 | C7: ='Scoring Model'!D50 -> 71.62 | D7: =B7*C7/100 -> 10.743
A8: Performance & Core Web Vitals | B8: 12 | C8: ='Scoring Model'!D60 -> 61.76 | D8: =B8*C8/100 -> 7.4112
A9: Content quality & readability | B9: 7 | C9: ='Scoring Model'!D69 -> 61.32 | D9: =B9*C9/100 -> 4.2924
A10: Responsiveness & Compatibility | B10: 10 | C10: ='Scoring Model'!D79 -> 61.16 | D10: =B10*C10/100 -> 6.116
A11: Trust, security & privacy | B11: 6 | C11: ='Scoring Model'!D88 -> 70.9 | D11: =B11*C11/100 -> 4.254
A12: OVERALL GovUX SCORE | B12: =SUM(B4:B11) -> 100 | D12: =SUM(D4:D11) -> 63.8512
A14: Band | B14: =IF(D12>=90,"A — Exemplary",IF(D12>=75,"B — Strong",IF(D12>=60,"C — Needs work",IF(D12>=40,"D — At risk","E — Critical")))) -> C — Needs work
A15: Guard-rail | B15: =IF(OR(INDEX('Scoring Model'!D:D,MATCH("*Keyboard operability*",'Scoring Model'!A:A,0))<50,INDEX('Scoring Model'!D:D,MATCH("*HTTPS & domain*",'Scoring Model'!A:A,0))<50),"ACTIVE — critical failure caps band at C until fixed","Not triggered") -> ACTIVE — critical failure caps band at C until fixed
A17: This score is fully traceable: change any 'Measured' value in the Scoring Model sheet and the category scores, overall score and band recompute here. Weights are configurable and version-controlled.
